"Date","Price","Open","High","Low","Vol.","Change %"
"Jul 05, 2019","0.003857","0.003180","0.004442","0.003165","11.99B","21.30%"
"Jul 04, 2019","0.003180","0.003343","0.003352","0.003176","2.73B","-4.88%"
"Jul 03, 2019","0.003343","0.003163","0.003350","0.003127","2.42B","5.72%"
"Jul 02, 2019","0.003162","0.003268","0.003293","0.003048","3.23B","-3.31%"
"Jul 01, 2019","0.003270","0.003279","0.003335","0.003054","3.13B","-0.27%"
"Jun 30, 2019","0.003279","0.003370","0.003424","0.003263","2.91B","-2.70%"
"Jun 29, 2019","0.003371","0.003415","0.003419","0.003273","2.90B","-1.31%"
"Jun 28, 2019","0.003415","0.003384","0.003562","0.003348","5.31B","0.96%"
"Jun 27, 2019","0.003383","0.003404","0.003648","0.002985","7.29B","-0.51%"
"Jun 26, 2019","0.003400","0.003349","0.003477","0.003273","5.40B","1.51%"
"Jun 25, 2019","0.003349","0.003345","0.003383","0.003286","2.82B","0.16%"
"Jun 24, 2019","0.003344","0.003307","0.003419","0.003248","3.04B","1.01%"
"Jun 23, 2019","0.003310","0.003309","0.003384","0.003258","3.24B","0.00%"
"Jun 22, 2019","0.003310","0.003259","0.003381","0.003088","4.99B","1.55%"
"Jun 21, 2019","0.003259","0.003106","0.003260","0.003097","3.15B","4.94%"
"Jun 20, 2019","0.003106","0.003141","0.003154","0.003081","2.57B","-1.09%"
"Jun 19, 2019","0.003140","0.003107","0.003143","0.003081","2.55B","1.15%"
"Jun 18, 2019","0.003105","0.003191","0.003195","0.003102","3.27B","-2.68%"
"Jun 17, 2019","0.003190","0.003180","0.003226","0.003151","3.27B","0.33%"
"Jun 16, 2019","0.003180","0.003132","0.003271","0.003122","4.14B","1.54%"
"Jun 15, 2019","0.003132","0.003105","0.003160","0.003081","3.61B","0.85%"
"Jun 14, 2019","0.003105","0.003079","0.003108","0.003035","2.97B","0.85%"
"Jun 13, 2019","0.003079","0.003073","0.003092","0.003039","3.18B","0.21%"
"Jun 12, 2019","0.003073","0.003057","0.003083","0.002986","3.15B","0.51%"
"Jun 11, 2019","0.003057","0.003076","0.003085","0.002853","2.59B","-0.55%"
"Jun 10, 2019","0.003074","0.002988","0.003081","0.002965","2.97B","2.88%"
"Jun 09, 2019","0.002988","0.003101","0.003108","0.002872","2.77B","-3.63%"
"Jun 08, 2019","0.003101","0.003148","0.003153","0.002886","2.47B","-1.50%"
"Jun 07, 2019","0.003148","0.003083","0.003153","0.003065","2.71B","2.10%"
"Jun 06, 2019","0.003083","0.003031","0.003087","0.003012","2.88B","1.79%"
"Jun 05, 2019","0.003029","0.002966","0.003098","0.002960","3.10B","2.11%"
"Jun 04, 2019","0.002966","0.003165","0.003187","0.002936","4.77B","-6.29%"
"Jun 03, 2019","0.003165","0.003370","0.003376","0.003165","4.56B","-6.08%"
"Jun 02, 2019","0.003370","0.003351","0.003412","0.003332","3.71B","0.59%"
"Jun 01, 2019","0.003350","0.003401","0.003425","0.003318","4.83B","-1.35%"
"May 31, 2019","0.003396","0.003207","0.003464","0.003138","4.95B","5.95%"
"May 30, 2019","0.003206","0.003166","0.003576","0.003129","7.18B","1.10%"
"May 29, 2019","0.003171","0.003145","0.003199","0.003042","3.44B","0.80%"
"May 28, 2019","0.003146","0.003124","0.003150","0.003085","3.57B","0.69%"
"May 27, 2019","0.003124","0.003047","0.003220","0.003012","5.21B","2.56%"
"May 26, 2019","0.003046","0.002975","0.003058","0.002944","3.33B","2.38%"
"May 25, 2019","0.002975","0.002989","0.003001","0.002937","2.56B","-0.47%"
"May 24, 2019","0.002989","0.002949","0.003015","0.002903","3.23B","1.26%"
"May 23, 2019","0.002952","0.002936","0.002968","0.002828","2.74B","0.67%"
"May 22, 2019","0.002932","0.003032","0.003126","0.002922","2.90B","-3.30%"
"May 21, 2019","0.003032","0.002982","0.003063","0.002954","2.48B","1.91%"
"May 20, 2019","0.002976","0.003132","0.003134","0.002925","3.05B","-4.92%"
"May 19, 2019","0.003130","0.002957","0.003144","0.002956","2.31B","5.81%"
"May 18, 2019","0.002958","0.002915","0.003019","0.002873","2.66B","1.47%"
"May 17, 2019","0.002915","0.003134","0.003151","0.002731","5.03B","-7.03%"
"May 16, 2019","0.003135","0.003336","0.003549","0.003041","6.73B","-5.97%"
"May 15, 2019","0.003334","0.003067","0.003353","0.003038","5.25B","8.48%"
"May 14, 2019","0.003074","0.002728","0.003231","0.002726","5.07B","12.68%"
"May 13, 2019","0.002728","0.002627","0.002785","0.002608","3.57B","3.80%"
"May 12, 2019","0.002628","0.002773","0.002829","0.002592","4.09B","-5.32%"
"May 11, 2019","0.002776","0.002497","0.002841","0.002494","5.19B","11.18%"
"May 10, 2019","0.002496","0.002496","0.002510","0.002466","2.75B","0.00%"
"May 09, 2019","0.002497","0.002554","0.002555","0.002469","2.55B","-2.23%"
"May 08, 2019","0.002554","0.002561","0.002561","0.002520","2.63B","-0.11%"
"May 07, 2019","0.002556","0.002596","0.002681","0.002539","2.76B","-1.50%"
"May 06, 2019","0.002596","0.002643","0.002667","0.002548","2.58B","-1.79%"
"May 05, 2019","0.002643","0.002690","0.002696","0.002638","2.16B","-1.81%"
"May 04, 2019","0.002692","0.002705","0.002804","0.002586","3.16B","-0.51%"
"May 03, 2019","0.002705","0.002601","0.002719","0.002597","3.25B","4.08%"
"May 02, 2019","0.002599","0.002539","0.002617","0.002538","2.87B","2.36%"
"May 01, 2019","0.002539","0.002510","0.002546","0.002496","2.43B","1.18%"
"Apr 30, 2019","0.002510","0.002461","0.002514","0.002442","2.62B","2.01%"
"Apr 29, 2019","0.002461","0.002548","0.002618","0.002452","2.98B","-3.41%"
"Apr 28, 2019","0.002547","0.002511","0.002603","0.002496","2.19B","1.41%"
"Apr 27, 2019","0.002512","0.002509","0.002587","0.002414","2.13B","-0.12%"
"Apr 26, 2019","0.002515","0.002444","0.002527","0.002405","3.43B","2.91%"
"Apr 25, 2019","0.002444","0.002598","0.002612","0.002435","3.43B","-5.92%"
"Apr 24, 2019","0.002598","0.002747","0.002752","0.002523","4.59B","-5.44%"
"Apr 23, 2019","0.002747","0.002772","0.002853","0.002742","3.38B","-0.91%"
"Apr 22, 2019","0.002772","0.002787","0.002810","0.002693","2.85B","-0.53%"
"Apr 21, 2019","0.002787","0.002929","0.002935","0.002738","3.50B","-4.87%"
"Apr 20, 2019","0.002929","0.002888","0.002933","0.002820","2.84B","1.43%"
"Apr 19, 2019","0.002888","0.002952","0.002955","0.002856","3.13B","-2.15%"
"Apr 18, 2019","0.002952","0.002812","0.002988","0.002806","4.60B","5.00%"
"Apr 17, 2019","0.002811","0.002814","0.002857","0.002786","2.46B","-0.10%"
"Apr 16, 2019","0.002814","0.002775","0.002828","0.002729","2.61B","1.36%"
"Apr 15, 2019","0.002776","0.002883","0.002995","0.002732","3.44B","-3.62%"
"Apr 14, 2019","0.002881","0.002869","0.002884","0.002811","2.60B","0.45%"
"Apr 13, 2019","0.002868","0.002840","0.002906","0.002772","3.92B","1.00%"
"Apr 12, 2019","0.002839","0.002768","0.002876","0.002688","4.28B","2.57%"
"Apr 11, 2019","0.002768","0.002965","0.002983","0.002646","5.55B","-6.63%"
"Apr 10, 2019","0.002965","0.002859","0.003098","0.002840","1.31B","3.70%"
"Apr 09, 2019","0.002859","0.002988","0.003001","0.002702","1.87B","-4.33%"
"Apr 08, 2019","0.002988","0.003407","0.003408","0.002901","2.13B","-12.36%"
"Apr 07, 2019","0.003410","0.003367","0.003572","0.003224","2.25B","1.29%"
"Apr 06, 2019","0.003367","0.003551","0.003575","0.003318","1.47B","-5.20%"
"Apr 05, 2019","0.003551","0.003652","0.003749","0.003311","2.15B","-2.77%"
"Apr 04, 2019","0.003652","0.003143","0.004162","0.003102","9.37B","16.20%"
"Apr 03, 2019","0.003143","0.002796","0.003702","0.002780","286.51M","12.41%"
"Apr 02, 2019","0.002796","0.002453","0.002923","0.002374","372.43M","13.99%"
"Apr 01, 2019","0.002453","0.002076","0.002581","0.002069","488.96M","18.15%"
"Mar 31, 2019","0.002076","0.002084","0.002092","0.002060","421.39M","-0.36%"
"Mar 30, 2019","0.002084","0.002090","0.002101","0.002060","289.35M","-0.29%"
"Mar 29, 2019","0.002090","0.002058","0.002099","0.002044","385.48M","1.54%"
"Mar 28, 2019","0.002058","0.002068","0.002076","0.002029","482.80M","-0.49%"
"Mar 27, 2019","0.002068","0.002025","0.002075","0.001946","386.73M","2.13%"
"Mar 26, 2019","0.002025","0.002023","0.002045","0.002012","470.14M","0.06%"
"Mar 25, 2019","0.002023","0.002017","0.002066","0.001990","387.30M","0.33%"
"Mar 24, 2019","0.002017","0.002023","0.002029","0.001996","245.35M","-0.28%"
"Mar 23, 2019","0.002023","0.002025","0.002035","0.002012","232.01M","-0.13%"
"Mar 22, 2019","0.002025","0.002017","0.002036","0.002008","174.53M","0.41%"
"Mar 21, 2019","0.002017","0.002043","0.002049","0.002003","331.44M","-1.28%"
"Mar 20, 2019","0.002043","0.002051","0.002067","0.002021","219.27M","-0.36%"
"Mar 19, 2019","0.002051","0.002061","0.002075","0.002039","248.18M","-0.51%"
"Mar 18, 2019","0.002061","0.002051","0.002081","0.002037","343.09M","0.48%"
"Mar 17, 2019","0.002051","0.002053","0.002068","0.002026","422.87M","-0.10%"
"Mar 16, 2019","0.002053","0.002035","0.002079","0.002027","383.69M","0.91%"
"Mar 15, 2019","0.002035","0.002023","0.002049","0.002011","400.94M","0.58%"
"Mar 14, 2019","0.002023","0.002007","0.002029","0.001990","338.49M","0.78%"
"Mar 13, 2019","0.002007","0.001995","0.002073","0.001985","239.80M","0.59%"
"Mar 12, 2019","0.001995","0.001929","0.002029","0.001900","347.03M","3.45%"
"Mar 11, 2019","0.001929","0.001959","0.001967","0.001920","515.79M","-1.55%"
"Mar 10, 2019","0.001959","0.001978","0.001978","0.001947","346.39M","-0.95%"
"Mar 09, 2019","0.001978","0.001949","0.001987","0.001939","403.65M","1.49%"
"Mar 08, 2019","0.001949","0.001952","0.001970","0.001929","353.34M","-0.13%"
"Mar 07, 2019","0.001951","0.001939","0.001996","0.001939","301.84M","0.66%"
"Mar 06, 2019","0.001939","0.001947","0.001961","0.001930","376.15M","-0.44%"
"Mar 05, 2019","0.001947","0.001908","0.001968","0.001901","514.18M","2.04%"
"Mar 04, 2019","0.001908","0.001959","0.001973","0.001903","204.78M","-2.60%"
"Mar 03, 2019","0.001959","0.001979","0.002000","0.001956","247.18M","-1.01%"
"Mar 02, 2019","0.001979","0.001964","0.001984","0.001952","467.24M","0.79%"
"Mar 01, 2019","0.001964","0.001927","0.001982","0.001924","407.59M","1.90%"
"Feb 28, 2019","0.001927","0.001951","0.001958","0.001912","320.67M","-1.25%"
"Feb 27, 2019","0.001951","0.001957","0.001979","0.001924","468.38M","-0.27%"
"Feb 26, 2019","0.001957","0.001988","0.001996","0.001952","352.00M","-1.58%"
"Feb 25, 2019","0.001988","0.001916","0.002010","0.001916","335.38M","3.74%"
"Feb 24, 2019","0.001916","0.002070","0.002123","0.001891","680.98M","-7.40%"
"Feb 23, 2019","0.002070","0.002044","0.002097","0.002024","415.37M","1.26%"
"Feb 22, 2019","0.002044","0.002021","0.002049","0.002007","471.40M","1.14%"
"Feb 21, 2019","0.002021","0.002052","0.002056","0.002019","356.05M","-1.52%"
"Feb 20, 2019","0.002052","0.002064","0.002064","0.002023","502.37M","-0.60%"
"Feb 19, 2019","0.002064","0.002059","0.002092","0.002038","741.97M","0.26%"
"Feb 18, 2019","0.002059","0.002026","0.002067","0.001998","760.88M","1.64%"
"Feb 17, 2019","0.002026","0.001932","0.002039","0.001932","1.20B","4.85%"
"Feb 16, 2019","0.001932","0.001890","0.001937","0.001889","471.52M","2.23%"
"Feb 15, 2019","0.001890","0.001890","0.001902","0.001884","370.37M","0.00%"
"Feb 14, 2019","0.001890","0.001888","0.001899","0.001873","401.46M","0.15%"
"Feb 13, 2019","0.001888","0.001878","0.001899","0.001872","422.38M","0.51%"
"Feb 12, 2019","0.001878","0.001861","0.001894","0.001857","305.58M","0.88%"
"Feb 11, 2019","0.001861","0.001899","0.001899","0.001861","370.20M","-1.97%"
"Feb 10, 2019","0.001899","0.001908","0.001913","0.001876","310.01M","-0.48%"
"Feb 09, 2019","0.001908","0.001937","0.001937","0.001886","312.62M","-1.50%"
"Feb 08, 2019","0.001937","0.001818","0.001987","0.001808","509.73M","6.57%"
"Feb 07, 2019","0.001818","0.001805","0.001825","0.001804","317.79M","0.68%"
"Feb 06, 2019","0.001805","0.001855","0.001858","0.001797","367.55M","-2.70%"
"Feb 05, 2019","0.001855","0.001871","0.001878","0.001854","359.09M","-0.94%"
"Feb 04, 2019","0.001873","0.001880","0.001893","0.001866","276.55M","-0.39%"
"Feb 03, 2019","0.001880","0.001927","0.001929","0.001844","552.21M","-2.41%"
"Feb 02, 2019","0.001927","0.001909","0.001929","0.001891","426.38M","0.94%"
"Feb 01, 2019","0.001909","0.001893","0.001922","0.001848","589.88M","0.85%"
"Jan 31, 2019","0.001893","0.001922","0.001947","0.001886","557.02M","-1.54%"
"Jan 30, 2019","0.001922","0.001878","0.001929","0.001865","514.14M","2.36%"
"Jan 29, 2019","0.001878","0.001890","0.001898","0.001834","449.96M","-0.67%"
"Jan 28, 2019","0.001891","0.001994","0.001997","0.001853","708.23M","-5.17%"
"Jan 27, 2019","0.001994","0.002011","0.002014","0.001983","318.79M","-0.83%"
"Jan 26, 2019","0.002010","0.002005","0.002040","0.001999","352.45M","0.26%"
"Jan 25, 2019","0.002005","0.002006","0.002017","0.001998","322.29M","0.00%"
"Jan 24, 2019","0.002006","0.001996","0.002013","0.001982","423.85M","0.48%"
"Jan 23, 2019","0.001996","0.002021","0.002021","0.001977","609.79M","-1.22%"
"Jan 22, 2019","0.002021","0.002032","0.002044","0.001992","842.72M","-0.58%"
"Jan 21, 2019","0.002032","0.002028","0.002044","0.001995","580.88M","0.20%"
"Jan 20, 2019","0.002028","0.002094","0.002107","0.002000","565.92M","-3.13%"
"Jan 19, 2019","0.002094","0.002042","0.002134","0.002001","978.04M","2.55%"
"Jan 18, 2019","0.002042","0.002062","0.002065","0.002031","376.20M","-1.01%"
"Jan 17, 2019","0.002062","0.002066","0.002073","0.002047","416.45M","-0.17%"
"Jan 16, 2019","0.002066","0.002042","0.002071","0.002031","354.12M","1.17%"
"Jan 15, 2019","0.002042","0.002080","0.002085","0.002028","439.71M","-1.84%"
"Jan 14, 2019","0.002080","0.002053","0.002109","0.002035","384.45M","1.34%"
"Jan 13, 2019","0.002053","0.002084","0.002098","0.002007","642.01M","-1.47%"
"Jan 12, 2019","0.002084","0.002067","0.002111","0.002054","406.53M","0.80%"
"Jan 11, 2019","0.002067","0.002079","0.002106","0.002031","573.91M","-0.60%"
"Jan 10, 2019","0.002079","0.002215","0.002231","0.002018","861.91M","-6.13%"
"Jan 09, 2019","0.002215","0.002223","0.002244","0.002208","515.53M","-0.35%"
"Jan 08, 2019","0.002223","0.002230","0.002247","0.002213","553.73M","-0.30%"
"Jan 07, 2019","0.002230","0.002258","0.002273","0.002228","340.57M","-1.20%"
"Jan 06, 2019","0.002257","0.002249","0.002310","0.002209","477.48M","0.36%"
"Jan 05, 2019","0.002249","0.002243","0.002268","0.002211","409.37M","0.25%"
"Jan 04, 2019","0.002243","0.002293","0.002295","0.002185","542.08M","-2.18%"
"Jan 03, 2019","0.002293","0.002350","0.002356","0.002291","538.78M","-2.41%"
"Jan 02, 2019","0.002350","0.002347","0.002364","0.002328","301.97M","0.13%"
"Jan 01, 2019","0.002347","0.002327","0.002350","0.002310","303.80M","0.84%"
"Dec 31, 2018","0.002327","0.002333","0.002361","0.002309","600.30M","-0.23%"
"Dec 30, 2018","0.002333","0.002313","0.002355","0.002305","365.26M","0.86%"
"Dec 29, 2018","0.002313","0.002377","0.002383","0.002311","450.02M","-2.71%"
"Dec 28, 2018","0.002377","0.002299","0.002390","0.002245","603.38M","3.41%"
"Dec 27, 2018","0.002299","0.002393","0.002403","0.002299","646.90M","-3.92%"
"Dec 26, 2018","0.002393","0.002379","0.002434","0.002353","605.04M","0.56%"
"Dec 25, 2018","0.002379","0.002506","0.002506","0.002305","668.91M","-5.08%"
"Dec 24, 2018","0.002507","0.002491","0.002608","0.002486","1.17B","0.65%"
"Dec 23, 2018","0.002490","0.002446","0.002564","0.002430","934.40M","1.80%"
"Dec 22, 2018","0.002446","0.002465","0.002504","0.002339","1.06B","-0.79%"
"Dec 21, 2018","0.002466","0.002653","0.002693","0.002421","1.30B","-7.03%"
"Dec 20, 2018","0.002653","0.002627","0.002699","0.002506","1.10B","0.88%"
"Dec 19, 2018","0.002629","0.002518","0.002801","0.002508","1.67B","4.41%"
"Dec 18, 2018","0.002518","0.002531","0.002679","0.002451","1.66B","-0.48%"
"Dec 17, 2018","0.002531","0.002109","0.002874","0.002098","1.74B","20.02%"
"Dec 16, 2018","0.002109","0.002064","0.002147","0.002062","678.68M","2.15%"
"Dec 15, 2018","0.002064","0.002074","0.002084","0.002062","316.54M","-0.47%"
"Dec 14, 2018","0.002074","0.002056","0.002084","0.002044","533.57M","0.86%"
"Dec 13, 2018","0.002056","0.002082","0.002086","0.002053","467.50M","-1.20%"
"Dec 12, 2018","0.002081","0.002080","0.002098","0.002068","536.14M","-0.27%"
"Dec 11, 2018","0.002087","0.002063","0.002091","0.002049","383.70M","1.15%"
"Dec 10, 2018","0.002063","0.002092","0.002112","0.002054","390.78M","-1.36%"
"Dec 09, 2018","0.002092","0.002105","0.002129","0.002068","526.71M","-0.66%"
"Dec 08, 2018","0.002105","0.002123","0.002146","0.002053","569.72M","-0.85%"
"Dec 07, 2018","0.002123","0.002111","0.002162","0.002016","896.51M","0.59%"
"Dec 06, 2018","0.002111","0.002197","0.002222","0.002111","941.33M","-3.91%"
"Dec 05, 2018","0.002197","0.002202","0.002225","0.002180","715.33M","-0.25%"
"Dec 04, 2018","0.002202","0.002157","0.002217","0.002115","754.27M","2.10%"
"Dec 03, 2018","0.002157","0.002211","0.002215","0.002129","594.03M","-2.47%"
"Dec 02, 2018","0.002211","0.002230","0.002245","0.002195","631.95M","-0.83%"
"Dec 01, 2018","0.002230","0.002185","0.002243","0.002168","662.05M","2.08%"
"Nov 30, 2018","0.002185","0.002226","0.002243","0.002129","679.60M","-1.87%"
"Nov 29, 2018","0.002226","0.002235","0.002255","0.002158","816.32M","-0.40%"
"Nov 28, 2018","0.002235","0.002078","0.002283","0.002078","1.31B","7.55%"
"Nov 27, 2018","0.002078","0.002127","0.002135","0.002011","1.00B","-2.29%"
"Nov 26, 2018","0.002127","0.002261","0.002293","0.002062","1.08B","-5.93%"
"Nov 25, 2018","0.002261","0.002256","0.002288","0.002120","907.74M","0.24%"
"Nov 24, 2018","0.002256","0.002386","0.002438","0.002255","933.40M","-5.43%"
"Nov 23, 2018","0.002386","0.002381","0.002420","0.002305","936.92M","0.13%"
"Nov 22, 2018","0.002383","0.002476","0.002524","0.002348","1.39B","-3.78%"
"Nov 21, 2018","0.002476","0.002329","0.002575","0.002209","2.47B","6.30%"
"Nov 20, 2018","0.002329","0.002435","0.002475","0.002240","2.14B","-4.34%"
"Nov 19, 2018","0.002435","0.002638","0.002753","0.002434","1.82B","-7.68%"
"Nov 18, 2018","0.002638","0.002602","0.002692","0.002555","789.91M","1.36%"
"Nov 17, 2018","0.002602","0.002761","0.002768","0.002555","986.08M","-5.75%"
"Nov 16, 2018","0.002761","0.002851","0.002889","0.002702","1.79B","-3.18%"
"Nov 15, 2018","0.002851","0.002772","0.002872","0.002480","2.70B","2.94%"
"Nov 14, 2018","0.002770","0.002967","0.002983","0.002629","1.46B","-6.64%"
"Nov 13, 2018","0.002967","0.003084","0.003109","0.002963","663.89M","-3.78%"
"Nov 12, 2018","0.003084","0.003170","0.003202","0.003024","1.00B","-2.73%"
"Nov 11, 2018","0.003170","0.003291","0.003323","0.003145","870.20M","-3.71%"
"Nov 10, 2018","0.003292","0.003128","0.003375","0.003066","1.73B","5.24%"
"Nov 09, 2018","0.003128","0.003362","0.003363","0.003050","2.16B","-6.94%"
"Nov 08, 2018","0.003362","0.003632","0.003647","0.003231","1.37B","-7.46%"
"Nov 07, 2018","0.003632","0.003701","0.003740","0.003627","786.65M","-1.84%"
"Nov 06, 2018","0.003701","0.003650","0.003826","0.003613","1.49B","1.38%"
"Nov 05, 2018","0.003650","0.003727","0.003729","0.003599","978.49M","-2.06%"
"Nov 04, 2018","0.003727","0.003758","0.003769","0.003707","618.23M","-0.83%"
"Nov 03, 2018","0.003758","0.003792","0.003797","0.003757","445.93M","-0.89%"
"Nov 02, 2018","0.003792","0.003787","0.003832","0.003767","834.10M","0.21%"
"Nov 01, 2018","0.003784","0.003804","0.003818","0.003757","749.76M","-0.53%"
"Oct 31, 2018","0.003804","0.003897","0.003935","0.003609","1.31B","-2.39%"
"Oct 30, 2018","0.003897","0.003855","0.003955","0.003854","801.80M","1.07%"
"Oct 29, 2018","0.003856","0.004050","0.004085","0.003831","946.70M","-4.81%"
"Oct 28, 2018","0.004050","0.004218","0.004229","0.004039","737.29M","-3.98%"
"Oct 27, 2018","0.004218","0.004111","0.004401","0.004062","1.95B","2.61%"
"Oct 26, 2018","0.004111","0.003745","0.004113","0.003745","1.42B","9.77%"
"Oct 25, 2018","0.003745","0.003964","0.003971","0.003687","1.16B","-5.43%"
"Oct 24, 2018","0.003960","0.004199","0.004201","0.003904","1.76B","-5.69%"
"Oct 23, 2018","0.004199","0.004446","0.004460","0.004166","1.07B","-5.56%"
"Oct 22, 2018","0.004446","0.004567","0.004605","0.004420","596.81M","-2.64%"
"Oct 21, 2018","0.004567","0.004642","0.004678","0.004563","519.79M","-1.62%"
"Oct 20, 2018","0.004642","0.004597","0.004671","0.004528","649.45M","0.99%"
"Oct 19, 2018","0.004597","0.004481","0.004697","0.004336","1.36B","2.60%"
"Oct 18, 2018","0.004480","0.004729","0.005263","0.004323","2.16B","-5.25%"
"Oct 17, 2018","0.004729","0.005146","0.005153","0.004539","2.12B","-8.11%"
"Oct 16, 2018","0.005146","0.005376","0.005376","0.005104","608.38M","-4.27%"
"Oct 15, 2018","0.005376","0.005270","0.005697","0.005239","992.75M","2.00%"
"Oct 14, 2018","0.005270","0.005265","0.005301","0.005248","360.59M","0.10%"
"Oct 13, 2018","0.005265","0.005307","0.005334","0.005227","357.24M","-0.79%"
"Oct 12, 2018","0.005307","0.005026","0.005405","0.004999","626.73M","5.59%"
"Oct 11, 2018","0.005026","0.005627","0.005628","0.004816","1.29B","-10.68%"
"Oct 10, 2018","0.005627","0.005666","0.005673","0.005595","697.88M","-0.69%"
"Oct 09, 2018","0.005666","0.005643","0.005682","0.005629","543.96M","0.42%"
"Oct 08, 2018","0.005643","0.005629","0.005710","0.005596","619.31M","0.25%"
"Oct 07, 2018","0.005629","0.005587","0.005665","0.005586","464.63M","0.75%"
"Oct 06, 2018","0.005587","0.005672","0.005724","0.005379","1.04B","-1.49%"
"Oct 05, 2018","0.005672","0.005674","0.005756","0.005590","588.76M","-0.03%"
"Oct 04, 2018","0.005674","0.005736","0.005777","0.005507","884.68M","-1.09%"
"Oct 03, 2018","0.005736","0.005826","0.005856","0.005614","790.24M","-1.53%"
"Oct 02, 2018","0.005825","0.005949","0.006001","0.005796","825.53M","-2.08%"
"Oct 01, 2018","0.005949","0.005933","0.006070","0.005902","892.61M","0.27%"
"Sep 30, 2018","0.005933","0.005888","0.005942","0.005884","799.99M","0.78%"
"Sep 29, 2018","0.005887","0.005894","0.005918","0.005806","665.47M","-0.12%"
"Sep 28, 2018","0.005894","0.005889","0.005976","0.005850","767.85M","0.06%"
"Sep 27, 2018","0.005890","0.005776","0.005912","0.005762","650.19M","1.98%"
"Sep 26, 2018","0.005776","0.005747","0.005802","0.005747","461.57M","0.51%"
"Sep 25, 2018","0.005747","0.005718","0.005885","0.005606","831.38M","0.50%"
"Sep 24, 2018","0.005718","0.005969","0.006110","0.005689","931.58M","-4.20%"
"Sep 23, 2018","0.005969","0.005804","0.005996","0.005786","620.77M","2.80%"
"Sep 22, 2018","0.005806","0.005713","0.005843","0.005702","652.24M","1.63%"
"Sep 21, 2018","0.005713","0.005714","0.006009","0.005636","1.18B","-0.02%"
"Sep 20, 2018","0.005714","0.005634","0.005940","0.005633","1.00B","1.49%"
"Sep 19, 2018","0.005630","0.005970","0.006269","0.005313","1.83B","-5.70%"
"Sep 18, 2018","0.005970","0.006278","0.006314","0.005732","1.59B","-4.91%"
"Sep 17, 2018","0.006278","0.006583","0.006594","0.006194","1.38B","-4.62%"
"Sep 16, 2018","0.006583","0.006249","0.006591","0.006197","1.12B","5.34%"
"Sep 15, 2018","0.006249","0.006207","0.006314","0.006158","772.76M","0.67%"
"Sep 14, 2018","0.006207","0.006582","0.006701","0.006031","2.15B","-5.70%"
"Sep 13, 2018","0.006582","0.006494","0.006655","0.006463","1.70B","1.26%"
"Sep 12, 2018","0.006500","0.006348","0.006501","0.006200","1.62B","2.39%"
"Sep 11, 2018","0.006348","0.006945","0.006947","0.005893","4.37B","-8.60%"
"Sep 10, 2018","0.006945","0.005859","0.007039","0.005859","3.77B","18.53%"
"Sep 09, 2018","0.005859","0.005717","0.005878","0.005637","1.80B","2.49%"
"Sep 08, 2018","0.005717","0.005306","0.005876","0.005306","2.88B","7.74%"
"Sep 07, 2018","0.005306","0.005038","0.005477","0.005036","2.61B","5.32%"
"Sep 06, 2018","0.005038","0.004953","0.005106","0.004693","2.00B","1.72%"
"Sep 05, 2018","0.004953","0.005284","0.005390","0.004804","3.03B","-6.26%"
"Sep 04, 2018","0.005284","0.005324","0.005354","0.005101","2.28B","-0.76%"
"Sep 03, 2018","0.005324","0.005068","0.005646","0.005015","4.73B","5.06%"
"Sep 02, 2018","0.005067","0.006458","0.006690","0.004501","10.22B","-21.53%"
"Sep 01, 2018","0.006458","0.004823","0.007015","0.004326","11.28B","33.89%"
"Aug 31, 2018","0.004823","0.003323","0.005064","0.003234","6.26B","45.14%"
"Aug 30, 2018","0.003323","0.002630","0.003612","0.002619","3.67B","26.34%"
"Aug 29, 2018","0.002630","0.002643","0.002685","0.002579","480.45M","-0.49%"
"Aug 28, 2018","0.002643","0.002477","0.002666","0.002451","400.31M","6.72%"
"Aug 27, 2018","0.002477","0.002427","0.002488","0.002397","364.95M","2.06%"
"Aug 26, 2018","0.002427","0.002420","0.002434","0.002353","297.73M","0.26%"
"Aug 25, 2018","0.002420","0.002432","0.002454","0.002394","284.88M","-0.38%"
"Aug 24, 2018","0.002430","0.002376","0.002478","0.002333","293.01M","2.23%"
"Aug 23, 2018","0.002376","0.002332","0.002391","0.002319","301.93M","1.91%"
"Aug 22, 2018","0.002332","0.002408","0.002539","0.002308","346.11M","-3.18%"
"Aug 21, 2018","0.002408","0.002344","0.002454","0.002341","270.33M","2.76%"
"Aug 20, 2018","0.002344","0.002458","0.002478","0.002343","318.86M","-4.61%"
"Aug 19, 2018","0.002457","0.002397","0.002469","0.002375","300.51M","2.50%"
"Aug 18, 2018","0.002397","0.002498","0.002529","0.002344","409.49M","-4.03%"
"Aug 17, 2018","0.002498","0.002268","0.002498","0.002268","356.31M","10.13%"
"Aug 16, 2018","0.002268","0.002281","0.002335","0.002250","365.58M","-0.56%"
"Aug 15, 2018","0.002281","0.002232","0.002405","0.002232","326.93M","2.17%"
"Aug 14, 2018","0.002232","0.002330","0.002330","0.002099","399.41M","-4.24%"
"Aug 13, 2018","0.002331","0.002407","0.002480","0.002296","322.85M","-3.14%"
"Aug 12, 2018","0.002407","0.002381","0.002454","0.002350","348.70M","1.06%"
"Aug 11, 2018","0.002381","0.002417","0.002459","0.002328","267.58M","-1.49%"
"Aug 10, 2018","0.002417","0.002579","0.002600","0.002377","294.30M","-6.27%"
"Aug 09, 2018","0.002579","0.002418","0.002607","0.002381","346.36M","6.55%"
"Aug 08, 2018","0.002421","0.002651","0.002652","0.002383","339.38M","-8.70%"
"Aug 07, 2018","0.002651","0.002783","0.002864","0.002634","358.29M","-4.72%"
"Aug 06, 2018","0.002783","0.002876","0.002924","0.002714","286.42M","-3.25%"
"Aug 05, 2018","0.002876","0.002829","0.002897","0.002791","316.39M","1.65%"
"Aug 04, 2018","0.002829","0.002928","0.002998","0.002817","301.93M","-3.37%"
"Aug 03, 2018","0.002928","0.002970","0.002995","0.002853","264.56M","-1.39%"
"Aug 02, 2018","0.002970","0.003056","0.003084","0.002935","238.53M","-2.83%"
"Aug 01, 2018","0.003056","0.002979","0.003081","0.002892","296.52M","2.59%"
"Jul 31, 2018","0.002979","0.003259","0.003262","0.002957","331.80M","-8.60%"
"Jul 30, 2018","0.003259","0.003301","0.003316","0.003163","257.93M","-1.37%"
"Jul 29, 2018","0.003305","0.003421","0.003452","0.003297","225.26M","-3.41%"
"Jul 28, 2018","0.003421","0.003444","0.003479","0.003382","199.19M","-0.67%"
"Jul 27, 2018","0.003444","0.003374","0.003468","0.003263","279.72M","2.07%"
"Jul 26, 2018","0.003374","0.003564","0.003571","0.003329","253.16M","-5.32%"
"Jul 25, 2018","0.003564","0.003626","0.003658","0.003435","318.39M","-1.72%"
"Jul 24, 2018","0.003626","0.003416","0.003654","0.003387","321.61M","6.15%"
"Jul 23, 2018","0.003416","0.003488","0.003652","0.003406","267.63M","-2.01%"
"Jul 22, 2018","0.003487","0.003555","0.003590","0.003442","260.16M","-1.93%"
"Jul 21, 2018","0.003555","0.003409","0.003587","0.003328","232.51M","4.28%"
"Jul 20, 2018","0.003409","0.003833","0.003834","0.003262","360.37M","-11.06%"
"Jul 19, 2018","0.003833","0.003692","0.003956","0.003442","554.75M","3.77%"
"Jul 18, 2018","0.003694","0.003254","0.004430","0.003189","1.03B","13.52%"
"Jul 17, 2018","0.003254","0.002904","0.003297","0.002817","462.02M","12.06%"
"Jul 16, 2018","0.002904","0.002423","0.002904","0.002404","432.64M","19.85%"
"Jul 15, 2018","0.002423","0.002344","0.002431","0.002332","204.08M","3.38%"
"Jul 14, 2018","0.002344","0.002328","0.002358","0.002300","153.34M","0.68%"
"Jul 13, 2018","0.002328","0.002286","0.002381","0.002277","140.40M","1.84%"
"Jul 12, 2018","0.002286","0.002463","0.002466","0.002254","153.63M","-7.15%"
"Jul 11, 2018","0.002462","0.002458","0.002482","0.002421","185.49M","0.15%"
"Jul 10, 2018","0.002458","0.002635","0.002643","0.002437","187.34M","-6.72%"
"Jul 09, 2018","0.002635","0.002649","0.002669","0.002629","175.64M","-0.53%"
"Jul 08, 2018","0.002649","0.002655","0.002683","0.002624","132.82M","-0.21%"
"Jul 07, 2018","0.002655","0.002636","0.002663","0.002578","139.87M","0.70%"
"Jul 06, 2018","0.002636","0.002614","0.002659","0.002561","141.92M","0.85%"
"Jul 05, 2018","0.002614","0.002688","0.002702","0.002593","103.31M","-2.76%"
"Jul 04, 2018","0.002688","0.002655","0.002746","0.002598","128.93M","1.27%"
"Jul 03, 2018","0.002655","0.002735","0.002767","0.002632","172.63M","-2.93%"
"Jul 02, 2018","0.002735","0.002536","0.002742","0.002500","139.80M","7.85%"
"Jul 01, 2018","0.002536","0.002543","0.002556","0.002503","106.36M","-0.29%"
"Jun 30, 2018","0.002543","0.002415","0.002562","0.002395","197.76M","5.35%"
"Jun 29, 2018","0.002414","0.002314","0.002456","0.002279","154.47M","4.03%"
"Jun 28, 2018","0.002321","0.002469","0.002483","0.002309","197.70M","-5.99%"
"Jun 27, 2018","0.002468","0.002450","0.002477","0.002409","169.24M","0.74%"
"Jun 26, 2018","0.002450","0.002539","0.002565","0.002446","202.35M","-3.51%"
"Jun 25, 2018","0.002539","0.002509","0.002595","0.002479","203.74M","1.25%"
"Jun 24, 2018","0.002508","0.002654","0.002656","0.002311","215.27M","-5.50%"
"Jun 23, 2018","0.002654","0.002607","0.002721","0.002587","168.58M","1.83%"
"Jun 22, 2018","0.002606","0.002982","0.002989","0.002592","244.67M","-12.58%"
"Jun 21, 2018","0.002982","0.002993","0.003035","0.002966","173.42M","-0.37%"
"Jun 20, 2018","0.002993","0.003017","0.003030","0.002936","117.77M","-0.81%"
"Jun 19, 2018","0.003017","0.003002","0.003060","0.002983","155.51M","0.79%"
"Jun 18, 2018","0.002993","0.002887","0.003046","0.002844","165.58M","3.69%"
"Jun 17, 2018","0.002887","0.002904","0.002916","0.002849","151.63M","-0.70%"
"Jun 16, 2018","0.002907","0.002870","0.002936","0.002843","174.44M","1.29%"
"Jun 15, 2018","0.002870","0.002968","0.002974","0.002853","156.68M","-3.29%"
"Jun 14, 2018","0.002968","0.002792","0.002996","0.002758","183.90M","6.29%"
"Jun 13, 2018","0.002792","0.003096","0.003116","0.002721","164.75M","-9.68%"
"Jun 12, 2018","0.003091","0.003235","0.003265","0.003069","146.34M","-4.44%"
"Jun 11, 2018","0.003235","0.003132","0.003261","0.003098","166.95M","3.15%"
"Jun 10, 2018","0.003136","0.003572","0.003572","0.003097","234.12M","-12.20%"
"Jun 09, 2018","0.003572","0.003662","0.003690","0.003571","133.66M","-2.50%"
"Jun 08, 2018","0.003664","0.003714","0.003736","0.003617","141.23M","-1.35%"
"Jun 07, 2018","0.003714","0.003727","0.003820","0.003701","154.07M","-0.36%"
"Jun 06, 2018","0.003727","0.003629","0.003761","0.003623","206.38M","2.73%"
"Jun 05, 2018","0.003628","0.003542","0.003688","0.003522","165.14M","2.45%"
"Jun 04, 2018","0.003542","0.003689","0.003710","0.003455","220.81M","-4.01%"
"Jun 03, 2018","0.003689","0.003583","0.003752","0.003550","297.80M","2.97%"
"Jun 02, 2018","0.003583","0.003441","0.003695","0.003412","207.56M","4.14%"
"Jun 01, 2018","0.003441","0.003431","0.003520","0.003320","197.28M","0.25%"
"May 31, 2018","0.003432","0.003400","0.003498","0.003366","162.13M","1.07%"
"May 30, 2018","0.003396","0.003461","0.003523","0.002447","122.08M","-1.88%"
"May 29, 2018","0.003461","0.003219","0.003511","0.003169","235.11M","7.50%"
"May 28, 2018","0.003219","0.003410","0.003435","0.003198","205.92M","-5.59%"
"May 27, 2018","0.003410","0.003469","0.003493","0.003380","171.79M","-1.73%"
"May 26, 2018","0.003470","0.003505","0.003576","0.003451","173.97M","-0.88%"
"May 25, 2018","0.003500","0.003568","0.003613","0.003475","207.72M","-1.89%"
"May 24, 2018","0.003568","0.003437","0.003584","0.003306","248.36M","3.81%"
"May 23, 2018","0.003437","0.003869","0.003896","0.003353","253.06M","-11.29%"
"May 22, 2018","0.003874","0.004217","0.004241","0.003856","195.92M","-8.13%"
"May 21, 2018","0.004217","0.004359","0.004369","0.004215","183.54M","-3.25%"
"May 20, 2018","0.004359","0.004233","0.004382","0.004196","186.20M","2.96%"
"May 19, 2018","0.004233","0.004242","0.004302","0.004180","145.74M","-0.20%"
"May 18, 2018","0.004242","0.004189","0.004279","0.004074","154.14M","1.26%"
"May 17, 2018","0.004189","0.004376","0.004475","0.004187","162.58M","-4.32%"
"May 16, 2018","0.004378","0.004529","0.004535","0.004283","156.98M","-3.40%"
"May 15, 2018","0.004532","0.004444","0.004746","0.004429","204.50M","1.89%"
"May 14, 2018","0.004448","0.004472","0.004569","0.004259","153.25M","-0.55%"
"May 13, 2018","0.004472","0.004341","0.004569","0.004219","162.50M","4.64%"
"May 12, 2018","0.004274","0.004247","0.004437","0.004022","213.03M","0.63%"
"May 11, 2018","0.004247","0.004791","0.004793","0.004152","240.56M","-11.35%"
"May 10, 2018","0.004791","0.005023","0.005140","0.004791","161.14M","-4.62%"
"May 09, 2018","0.005023","0.005255","0.005265","0.004938","205.85M","-4.41%"
"May 08, 2018","0.005255","0.004968","0.005364","0.004932","290.42M","5.65%"
"May 07, 2018","0.004974","0.004939","0.005018","0.004662","275.80M","0.71%"
"May 06, 2018","0.004939","0.005232","0.005241","0.004846","291.92M","-5.59%"
"May 05, 2018","0.005232","0.005248","0.005344","0.005136","277.99M","-0.32%"
"May 04, 2018","0.005248","0.005489","0.005489","0.005201","272.80M","-4.38%"
"May 03, 2018","0.005489","0.005332","0.005545","0.005274","355.68M","2.96%"
"May 02, 2018","0.005331","0.005119","0.005345","0.005097","319.46M","4.20%"
"May 01, 2018","0.005116","0.005232","0.005253","0.004982","270.39M","-2.22%"
"Apr 30, 2018","0.005232","0.005451","0.005489","0.005182","341.18M","-4.03%"
"Apr 29, 2018","0.005451","0.005510","0.005589","0.005205","494.33M","-1.01%"
"Apr 28, 2018","0.005507","0.005379","0.005621","0.005362","384.05M","2.39%"
"Apr 27, 2018","0.005379","0.005524","0.005811","0.005363","447.90M","-2.63%"
"Apr 26, 2018","0.005524","0.005070","0.005556","0.004974","498.83M","8.95%"
"Apr 25, 2018","0.005070","0.005761","0.005766","0.004942","573.17M","-12.08%"
"Apr 24, 2018","0.005767","0.005604","0.005883","0.005581","464.73M","2.90%"
"Apr 23, 2018","0.005604","0.005524","0.005670","0.005424","352.08M","1.46%"
"Apr 22, 2018","0.005524","0.005381","0.005956","0.005268","631.36M","2.65%"
"Apr 21, 2018","0.005381","0.005906","0.005908","0.005070","807.39M","-8.89%"
"Apr 20, 2018","0.005906","0.005969","0.006070","0.005720","656.82M","-1.05%"
"Apr 19, 2018","0.005969","0.005442","0.005978","0.005343","583.30M","9.68%"
"Apr 18, 2018","0.005442","0.004705","0.005531","0.004705","460.89M","15.67%"
"Apr 17, 2018","0.004705","0.004561","0.004975","0.004551","407.27M","3.14%"
"Apr 16, 2018","0.004561","0.004634","0.005063","0.004345","803.30M","-1.57%"
"Apr 15, 2018","0.004634","0.004153","0.004674","0.004150","501.77M","11.59%"
"Apr 14, 2018","0.004153","0.003962","0.004234","0.003856","517.26M","4.81%"
"Apr 13, 2018","0.003962","0.003880","0.004362","0.003766","648.65M","2.11%"
"Apr 12, 2018","0.003880","0.003398","0.003894","0.003231","767.89M","14.19%"
"Apr 11, 2018","0.003398","0.003086","0.003556","0.003043","799.54M","10.12%"
"Apr 10, 2018","0.003086","0.002796","0.003101","0.002788","530.06M","10.37%"
"Apr 09, 2018","0.002796","0.002859","0.002937","0.002768","262.48M","-2.20%"
"Apr 08, 2018","0.002859","0.002818","0.002887","0.002796","201.54M","1.50%"
"Apr 07, 2018","0.002817","0.002717","0.002872","0.002711","215.81M","3.63%"
"Apr 06, 2018","0.002718","0.002807","0.002831","0.002692","239.68M","-3.02%"
"Apr 05, 2018","0.002803","0.002769","0.002838","0.002709","226.26M","1.21%"
"Apr 04, 2018","0.002769","0.003011","0.003026","0.002751","263.21M","-8.05%"
"Apr 03, 2018","0.003011","0.002801","0.003046","0.002786","275.98M","7.52%"
"Apr 02, 2018","0.002801","0.002707","0.002824","0.002699","195.95M","3.45%"
"Apr 01, 2018","0.002707","0.002800","0.002825","0.002632","189.05M","-3.31%"
"Mar 31, 2018","0.002800","0.002765","0.002913","0.002765","236.64M","1.28%"
"Mar 30, 2018","0.002765","0.002874","0.002940","0.002722","369.79M","-3.75%"
"Mar 29, 2018","0.002872","0.003164","0.003202","0.002840","333.20M","-9.17%"
"Mar 28, 2018","0.003162","0.003153","0.003249","0.003128","236.87M","0.25%"
"Mar 27, 2018","0.003154","0.003283","0.003302","0.003126","257.78M","-3.91%"
"Mar 26, 2018","0.003283","0.003470","0.003492","0.003156","253.17M","-5.39%"
"Mar 25, 2018","0.003470","0.003516","0.003516","0.003428","232.57M","-1.34%"
"Mar 24, 2018","0.003517","0.003566","0.003645","0.003506","273.40M","-1.38%"
"Mar 23, 2018","0.003566","0.003597","0.003608","0.003380","268.76M","-0.85%"
"Mar 22, 2018","0.003597","0.003635","0.003782","0.003424","306.87M","-1.23%"
"Mar 21, 2018","0.003641","0.003657","0.003855","0.003587","344.31M","-0.42%"
"Mar 20, 2018","0.003657","0.003487","0.003753","0.003373","363.39M","4.90%"
"Mar 19, 2018","0.003486","0.003132","0.003529","0.003132","474.29M","11.58%"
"Mar 18, 2018","0.003124","0.003328","0.003328","0.002817","472.84M","-6.29%"
"Mar 17, 2018","0.003334","0.003523","0.003577","0.003283","303.57M","-5.37%"
"Mar 16, 2018","0.003523","0.003541","0.003648","0.003452","338.28M","-0.50%"
"Mar 15, 2018","0.003541","0.003596","0.003709","0.003314","537.90M","-1.62%"
"Mar 14, 2018","0.003599","0.003971","0.004044","0.003532","336.98M","-9.36%"
"Mar 13, 2018","0.003971","0.004040","0.004144","0.003915","224.99M","-1.71%"
"Mar 12, 2018","0.004040","0.004159","0.004216","0.003868","288.11M","-2.88%"
"Mar 11, 2018","0.004159","0.003988","0.004231","0.003854","457.17M","4.28%"
"Mar 10, 2018","0.003989","0.004151","0.004416","0.003956","312.14M","-3.91%"
"Mar 09, 2018","0.004151","0.003995","0.004166","0.003590","416.08M","3.90%"
"Mar 08, 2018","0.003995","0.004060","0.004451","0.003879","557.51M","-1.60%"
"Mar 07, 2018","0.004060","0.004606","0.004691","0.004042","508.64M","-11.85%"
"Mar 06, 2018","0.004606","0.005265","0.005265","0.004572","446.81M","-12.45%"
"Mar 05, 2018","0.005261","0.005466","0.005512","0.005231","207.74M","-3.75%"
"Mar 04, 2018","0.005466","0.005262","0.005496","0.005159","298.53M","3.87%"
"Mar 03, 2018","0.005262","0.005549","0.005711","0.005244","377.76M","-5.16%"
"Mar 02, 2018","0.005549","0.006193","0.006270","0.005508","380.89M","-10.41%"
"Mar 01, 2018","0.006193","0.006070","0.006253","0.005922","218.76M","2.03%"
"Feb 28, 2018","0.006070","0.006330","0.006394","0.006043","261.75M","-4.11%"
"Feb 27, 2018","0.006330","0.006294","0.006536","0.006196","296.32M","0.58%"
"Feb 26, 2018","0.006294","0.006083","0.006501","0.005859","307.48M","3.47%"
"Feb 25, 2018","0.006083","0.006272","0.006377","0.005860","376.45M","-3.01%"
"Feb 24, 2018","0.006272","0.006675","0.006816","0.006216","421.00M","-6.04%"
"Feb 23, 2018","0.006675","0.006233","0.006863","0.005979","549.22M","7.09%"
"Feb 22, 2018","0.006233","0.006648","0.006910","0.005999","751.21M","-6.25%"
"Feb 21, 2018","0.006648","0.007162","0.007502","0.006428","966.62M","-7.04%"
"Feb 20, 2018","0.007152","0.006712","0.008430","0.006414","1.63B","6.54%"
"Feb 19, 2018","0.006712","0.006468","0.006852","0.006314","379.13M","3.87%"
"Feb 18, 2018","0.006463","0.007035","0.007136","0.006213","593.33M","-8.14%"
"Feb 17, 2018","0.007035","0.006952","0.007262","0.006779","597.29M","1.20%"
"Feb 16, 2018","0.006952","0.007303","0.007414","0.006423","886.21M","-4.81%"
"Feb 15, 2018","0.007303","0.006789","0.008065","0.006713","1.56B","7.64%"
"Feb 14, 2018","0.006785","0.005696","0.007088","0.005690","1.25B","19.16%"
"Feb 13, 2018","0.005694","0.005548","0.005699","0.005273","356.00M","2.62%"
"Feb 12, 2018","0.005548","0.004942","0.005569","0.004939","384.77M","12.27%"
"Feb 11, 2018","0.004942","0.005018","0.005242","0.004637","428.13M","-1.53%"
"Feb 10, 2018","0.005018","0.005027","0.005596","0.004776","623.05M","-0.19%"
"Feb 09, 2018","0.005028","0.004580","0.005049","0.004308","452.54M","9.79%"
"Feb 08, 2018","0.004580","0.004222","0.004832","0.004212","403.36M","8.49%"
"Feb 07, 2018","0.004222","0.004418","0.004799","0.003922","623.93M","-4.48%"
"Feb 06, 2018","0.004420","0.003547","0.004437","0.003048","908.75M","24.60%"
"Feb 05, 2018","0.003547","0.004413","0.004491","0.003465","628.56M","-19.58%"
"Feb 04, 2018","0.004410","0.005150","0.005309","0.004253","493.87M","-14.37%"
"Feb 03, 2018","0.005150","0.004527","0.005780","0.004211","528.22M","12.79%"
"Feb 02, 2018","0.004566","0.005126","0.005127","0.003531","680.94M","-10.93%"
"Feb 01, 2018","0.005126","0.006006","0.006110","0.004932","497.90M","-14.65%"
"Jan 31, 2018","0.006006","0.006136","0.006237","0.005805","373.84M","-2.11%"
"Jan 30, 2018","0.006136","0.007016","0.007039","0.006071","350.67M","-11.62%"
"Jan 29, 2018","0.006942","0.007610","0.007650","0.006866","396.77M","-8.78%"
"Jan 28, 2018","0.007610","0.007383","0.008140","0.007350","371.69M","3.07%"
"Jan 27, 2018","0.007383","0.007154","0.007499","0.007072","433.72M","2.99%"
"Jan 26, 2018","0.007169","0.007484","0.008294","0.006608","487.91M","-4.29%"
"Jan 25, 2018","0.007490","0.007060","0.007696","0.006850","551.98M","6.09%"
"Jan 24, 2018","0.007060","0.006558","0.007200","0.006382","558.02M","6.89%"
"Jan 23, 2018","0.006605","0.006644","0.006995","0.006082","600.76M","-0.68%"
"Jan 22, 2018","0.006650","0.006982","0.007601","0.006169","599.13M","-4.66%"
"Jan 21, 2018","0.006975","0.008359","0.008385","0.006794","537.24M","-16.56%"
"Jan 20, 2018","0.008359","0.007779","0.008654","0.007600","490.14M","7.35%"
"Jan 19, 2018","0.007787","0.007532","0.008466","0.007231","507.54M","3.41%"
"Jan 18, 2018","0.007530","0.007623","0.009238","0.007052","610.96M","-1.18%"
"Jan 17, 2018","0.007620","0.006562","0.007879","0.005416","621.35M","16.09%"
"Jan 16, 2018","0.006564","0.009701","0.009757","0.005551","681.08M","-32.48%"
"Jan 15, 2018","0.009721","0.011243","0.011400","0.009679","412.59M","-13.45%"
"Jan 14, 2018","0.011232","0.012263","0.012345","0.010560","433.41M","-8.38%"
"Jan 13, 2018","0.012259","0.012561","0.013295","0.012021","415.58M","-2.44%"
"Jan 12, 2018","0.012566","0.011188","0.013158","0.010708","405.01M","12.31%"
"Jan 11, 2018","0.011189","0.012868","0.014220","0.010100","520.26M","-12.85%"
"Jan 10, 2018","0.012839","0.013104","0.013600","0.010701","409.95M","-1.99%"
"Jan 09, 2018","0.013100","0.014773","0.015441","0.012394","503.01M","-15.05%"
"Jan 08, 2018","0.015420","0.017000","0.018000","0.015420","175.97M","-9.29%"
"Jan 07, 2018","0.017000","0.014630","0.019000","0.014000","612.39M","16.20%"
"Jan 06, 2018","0.014630","0.012550","0.017500","0.012010","612.55M","16.57%"
"Jan 05, 2018","0.012550","0.009613","0.013950","0.009434","672.26M","30.55%"
"Jan 04, 2018","0.009613","0.009205","0.010300","0.008559","634.48M","4.43%"
"Jan 03, 2018","0.009205","0.009000","0.009345","0.008340","724.34M","2.28%"
"Jan 02, 2018","0.009000","0.008678","0.009878","0.008316","721.15M","3.71%"
"Jan 01, 2018","0.008678","0.008927","0.008990","0.007960","575.22M","-2.79%"